{
    "title": "Who is the Sponsor?",
    "options": [
        "Partner/Investor",
        "Employee"
    ],
    //new visa > Visa Stamping > family > partnerinvestor
    "Partner/Investor": {
        "title": "Stamping Speed",
        "options": [
            "Normal",
            "Urgent"
        ],
        "Normal": {
            "docs": [
                "Medical result",
                "Emirates ID application",
                "Insurance",
                "Visa page",
                "Immigration card",
                "Sponsor's visa"
            ],
            "PriceDetails": [{
                "Text": "Gov. fees (3 yrs visa)",
                "Value": 671.75
            }, {
                "Text": "Service charge",
                "Value": 105
            }],
            "Notes": {
                "Text": "Notes",
                "Name": "Notes",
                "Options": [
                    "This is the ﬁnal stage of visa process. In this the application will have to be posted and then after the approval the original passport has to be submitted to the immigration with the application paper to get the visa stamping on the passport."
                ]
            },
            "OriginalDocumentRequired": {
                "Text": "Original Document Required",
                "Name": "OriginalDocumentRequired",
                "Options": [
                    "Sponsor's Emirates ID, Sponsored Passport"
                ]
            }
        },
        "Urgent": {
            "docs": [
                "Medical result",
                "Emirates ID application",
                "Insurance",
                "Visa page",
                "Immigration card",
                "Sponsor's visa"
            ],
            "PriceDetails": [{
                "Text": "Gov. fees (3 yrs visa)",
                "Value": 751.75
            }, {
                "Text": "Service charge",
                "Value": 105
            }],
            "Notes": {
                "Text": "Notes",
                "Name": "Notes",
                "Options": [
                    "This is the ﬁnal stage of visa process. In this the application will have to be posted and then after the approval the original passport has to be submitted to the immigration with the application paper to get the visa stamping on the passport."
                ]
            },
            "OriginalDocumentRequired": {
                "Text": "Original Document Required",
                "Name": "OriginalDocumentRequired",
                "Options": [
                    "Sponsor's Emirates ID, Sponsored Passport"
                ]
            }
        }
    },
    //new visa > Visa Stamping > family > employee
    "Employee": {
        "title": "Visa Duration",
        "options": [
            "3 Years",
            "2 Years"
        ],
        "3 Years": {
            "title": "Stamping Speed",
            "options": [
                "Normal",
                "Urgent"
            ],
            "Normal": {
                "docs": [
                    "Medical result",
                    "Emirates ID application",
                    "Insurance",
                    "Visa page",
                    "Immigration card",
                    "Sponsor's visa"
                ],
                "PriceDetails": [{
                    "Text": "Gov. fees",
                    "Value": 544.05
                }, {
                    "Text": "Service charge",
                    "Value": 105
                }],
                "Notes": {
                    "Text": "Notes",
                    "Name": "Notes",
                    "Options": [
                        "Fine payment for all the stamping procedure will be 25 AED for the ﬁrst 180 days. The next 180 days will be of 50 AED and then 100 AED each day. Fine for stamping comes only when the stamping application is not posted till the sixtieth day of the change status or the date of entry."
                    ]
                },
                "OriginalDocumentRequired": {
                    "Text": "Original Document Required",
                    "Name": "OriginalDocumentRequired",
                    "Options": [
                        "Sponsor's Emirates ID, Sponsored Passport"
                    ]
                }
            },
            "Urgent": {
                "docs": [
                    "Medical result",
                    "Emirates ID application",
                    "Insurance",
                    "Visa page",
                    "Immigration card",
                    "Sponsor's visa"
                ],
                "PriceDetails": [{
                    "Text": "Gov. fees",
                    "Value": 624.05
                }, {
                    "Text": "Service charge",
                    "Value": 105
                }],
                "Notes": {
                    "Text": "Notes",
                    "Name": "Notes",
                    "Options": [
                        "Fine payment for all the stamping procedure will be 25 AED for the ﬁrst 180 days. The next 180 days will be of 50 AED and then 100 AED each day. Fine for stamping comes only when the stamping application is not posted till the sixtieth day of the change status or the date of entry."
                    ]
                },
                "OriginalDocumentRequired": {
                    "Text": "Original Document Required",
                    "Name": "OriginalDocumentRequired",
                    "Options": [
                        "Sponsor's Emirates ID, Sponsored Passport"
                    ]
                }
            }
        },
        "2 Years": {
            "title": "Stamping Speed",
            "options": [
                "Normal",
                "Urgent"
            ],
            "Normal": {
                "docs": [
                    "Medical result",
                    "Emirates ID application",
                    "Insurance",
                    "Visa page",
                    "Immigration card",
                    "Sponsor's visa"
                ],
                "PriceDetails": [{
                    "Text": "Gov. fees",
                    "Value": 459.90
                }, {
                    "Text": "Service charge",
                    "Value": 105
                }],
                "Notes": {
                    "Text": "Notes",
                    "Name": "Notes",
                    "Options": [
                        "Fine payment for all the stamping procedure will be 25 AED for the ﬁrst 180 days. The next 180 days will be of 50 AED and then 100 AED each day. Fine for stamping comes only when the stamping application is not posted till the sixtieth day of the change status or the date of entry."
                    ]
                },
                "OriginalDocumentRequired": {
                    "Text": "Original Document Required",
                    "Name": "OriginalDocumentRequired",
                    "Options": [
                        "Sponsor's Emirates ID, Sponsored Passport"
                    ]
                }
            },
            "Urgent": {
                "docs": [
                    "Medical result",
                    "Emirates ID application",
                    "Insurance",
                    "Visa page",
                    "Immigration card",
                    "Sponsor's visa"
                ],
                "PriceDetails": [{
                    "Text": "Gov. fees",
                    "Value": 539.90
                }, {
                    "Text": "Service charge",
                    "Value": 105
                }],
                "Notes": {
                    "Text": "Notes",
                    "Name": "Notes",
                    "Options": [
                        "Fine payment for all the stamping procedure will be 25 AED for the ﬁrst 180 days. The next 180 days will be of 50 AED and then 100 AED each day. Fine for stamping comes only when the stamping application is not posted till the sixtieth day of the change status or the date of entry."
                    ]
                },
                "OriginalDocumentRequired": {
                    "Text": "Original Document Required",
                    "Name": "OriginalDocumentRequired",
                    "Options": [
                        "Sponsor's Emirates ID, Sponsored Passport"
                    ]
                }
            }
        }
    }
}