{
    "title": "Who is the Sponsor?",
    "options": [
        "Partner/Investor",
        "Employee"
    ],
    "Partner/Investor": {
        "title": "Select Parents",
        "options": [
            "Mother",
            "Father",
            "Mother & Father"
        ],
        "Mother": {
            "title": "Renewal Process Speed",
            "options": [
                "Normal",
                "Urgent"
            ],
            "Normal": {
                "docs": [
                    "Trade License (Including Partner page)",
                    "Memorandum of association (MOA)",
                    "Last 3 month’s bank statement (Optional)",
                    "Sponsor’s passport",
                    "Medical result",
                    "Emirates ID application",
                    "Insurance",
                    "Sponsor’s visa",
                    "Residential Ejari ( under sponsors name, 2 bedroom and hall)",
                    "Mother's passport",
                    "Mother’s Photo (white background) (White background)"
                ],
                "PriceDetails": [{
                    "Text": "Gov. fees",
                    "Value": 392.90
                }, {
                    "Text": "Service charge",
                    "Value": 105
                }],
                "ibanRequired": "true",
                "Notes": {
                    "Text": "Notes",
                    "Name": "Notes",
                    "Options": [
                        "Fine payment for all the stamping procedure will be 25 aed for the first 180 days. The next 180 days will be of 50 aed  and then 100 aed each day. Fine for stamping comes only when the stamping application is not posted before the final date."
                    ]
                },
                "OriginalDocumentRequired": {
                    "Text": "Original Document Required",
                    "Name": "OriginalDocumentRequired",
                    "Options": [
                        "Sponsor's Emirates ID"
                    ]
                }
            },
            "Urgent": {
                "docs": [
                    "Trade License (Including Partner page)",
                    "Memorandum of association (MOA)",
                    "Last 3 month’s bank statement (Optional)",
                    "Sponsor’s passport",
                    "Medical result",
                    "Emirates ID application",
                    "Insurance",
                    "Sponsor’s visa",
                    "Residential Ejari ( under sponsors name, 2 bedroom and hall)",
                    "Mother's passport",
                    "Mother’s Photo (white background) (White background)"
                ],
                "PriceDetails": [{
                    "Text": "Gov. fees",
                    "Value": 472.90
                }, {
                    "Text": "Service charge",
                    "Value": 105
                }],
                "ibanRequired": "true",
                "Notes": {
                    "Text": "Notes",
                    "Name": "Notes",
                    "Options": [
                        "Fine payment for all the stamping procedure will be 25 aed for the first 180 days. The next 180 days will be of 50 aed  and then 100 aed each day. Fine for stamping comes only when the stamping application is not posted before the final date."
                    ]
                },
                "OriginalDocumentRequired": {
                    "Text": "Original Document Required",
                    "Name": "OriginalDocumentRequired",
                    "Options": [
                        "Sponsor's Emirates ID"
                    ]
                }
            }
        },
        "Father": {
            "title": "Renewal Process Speed",
            "options": [
                "Normal",
                "Urgent"
            ],
            "Normal": {
                "docs": [
                    "Trade License (Including Partner page)",
                    "Memorandum of association (MOA)",
                    "Sponsor’s passport",
                    "Medical result",
                    "Emirates ID application",
                    "Insurance",
                    "Sponsor’s visa",
                    "Residential Ejari ( under sponsors name, 2 bedroom and hall)",
                    "Last 3 month’s bank statement (Optional",
                    "Father's passport",
                    "Father’s Photo (white background)"
                ],
                "PriceDetails": [{
                    "Text": "Gov. fees",
                    "Value": 392.90
                }, {
                    "Text": "Service charge",
                    "Value": 105
                }],
                "ibanRequired": "true",
                "Notes": {
                    "Text": "Notes",
                    "Name": "Notes",
                    "Options": [
                        "Fine payment for all the stamping procedure will be 25 aed for the first 180 days. The next 180 days will be of 50 aed  and then 100 aed each day. Fine for stamping comes only when the stamping application is not posted before the final date."
                    ]
                },
                "OriginalDocumentRequired": {
                    "Text": "Original Document Required",
                    "Name": "OriginalDocumentRequired",
                    "Options": [
                        "Sponsor's Emirates ID"
                    ]
                }
            },
            "Urgent": {
                "docs": [
                    "Trade License (Including Partner page)",
                    "Memorandum of association (MOA)",
                    "Sponsor’s passport",
                    "Medical result",
                    "Emirates ID application",
                    "Insurance",
                    "Sponsor’s visa",
                    "Residential Ejari ( under sponsors name, 2 bedroom and hall)",
                    "Last 3 month’s bank statement (Optional",
                    "Father's passport",
                    "Father’s Photo (white background)"
                ],
                "PriceDetails": [{
                    "Text": "Gov. fees",
                    "Value": 472.90
                }, {
                    "Text": "Service charge",
                    "Value": 105
                }],
                "ibanRequired": "true",
                "Notes": {
                    "Text": "Notes",
                    "Name": "Notes",
                    "Options": [
                        "Fine payment for all the stamping procedure will be 25 aed for the first 180 days. The next 180 days will be of 50 aed  and then 100 aed each day. Fine for stamping comes only when the stamping application is not posted before the final date."
                    ]
                },
                "OriginalDocumentRequired": {
                    "Text": "Original Document Required",
                    "Name": "OriginalDocumentRequired",
                    "Options": [
                        "Sponsor's Emirates ID"
                    ]
                }
            }
        },
        "Mother & Father": {
            "title": "Renewal Process Speed",
            "options": [
                "Normal",
                "Urgent"
            ],
            "Normal": {
                "docs": [
                    "Trade License (Including Partner page)",
                    "Memorandum of association (MOA)",
                    "Last 3 month’s bank statement (Optional)",
                    "Mother’s passport",
                    "Father’s passport",
                    "Mother’s Medical result",
                    "Father’s Medical result",
                    "Mother’s Emirates ID application",
                    "Father’s Emirates ID application",
                    "Mother’s Insurance",
                    "Father’s Insurance",
                    "Sponsor’s visa",
                    "Residential Ejari ( under sponsors name, 2 bedroom and hall)",
                    "Sponsor's passport",
                    "Mother’s Photo (white background)",
                    "Father’s Photo (white background)"
                ],
                "PriceDetails": [{
                    "Text": "Gov. fees",
                    "Value": 785.80
                }, {
                    "Text": "Service charge",
                    "Value": 105
                }],
                "ibanRequired": "true",
                "Notes": {
                    "Text": "Notes",
                    "Name": "Notes",
                    "Options": [
                        "Fine payment for all the stamping procedure will be 25 aed for the first 180 days. The next 180 days will be of 50 aed  and then 100 aed each day. Fine for stamping comes only when the stamping application is not posted before the final date."
                    ]
                },
                "OriginalDocumentRequired": {
                    "Text": "Original Document Required",
                    "Name": "OriginalDocumentRequired",
                    "Options": [
                        "Sponsor's Emirates ID"
                    ]
                }
            },
            "Urgent": {
                "docs": [
                    "Trade License (Including Partner page)",
                    "Memorandum of association (MOA)",
                    "Mother’s passport",
                    "Father’s passport",
                    "Mother’s Medical result",
                    "Father’s Medical result",
                    "Mother’s Emirates ID application",
                    "Father’s Emirates ID application",
                    "Mother’s Insurance",
                    "Father’s Insurance",
                    "Sponsor’s visa",
                    "Residential Ejari ( under sponsors name, 2 bedroom and hall)",
                    "Sponsor's passport",
                    "Mother’s Photo (white background)",
                    "Father’s Photo (white background)"
                ],
                "PriceDetails": [{
                    "Text": "Gov. fees",
                    "Value": 945.80
                }, {
                    "Text": "Service charge",
                    "Value": 105
                }],
                "ibanRequired": "true",
                "Notes": {
                    "Text": "Notes",
                    "Name": "Notes",
                    "Options": [
                        "Fine payment for all the stamping procedure will be 25 aed for the first 180 days. The next 180 days will be of 50 aed  and then 100 aed each day. Fine for stamping comes only when the stamping application is not posted before the final date."
                    ]
                },
                "OriginalDocumentRequired": {
                    "Text": "Original Document Required",
                    "Name": "OriginalDocumentRequired",
                    "Options": [
                        "Sponsor's Emirates ID"
                    ]
                }
            }
        }
    },
    "Employee": {
        "title": "Select Parents",
        "options": [
            "Mother",
            "Father",
            "Mother & Father"
        ],
        "Mother": {
            "title": "Renewal Process Speed",
            "options": [
                "Normal",
                "Urgent"
            ],
            "Normal": {
                "docs": [
                    "Sponsor’s Passport",
                    "Labour Contract",
                    "Medical Result",
                    "Last 3 month’s bank statement (Optional)",
                    "Emirates ID application",
                    "Insurance",
                    "Sponsor’s Visa",
                    "Residential Ejari ( under sponsors name, 2 bedroom and hall)",
                    "Mother’s Passport",
                    "Mother’s Photo (White background)"
                ],
                "PriceDetails": [{
                    "Text": "Gov. fees",
                    "Value": 342.90
                }, {
                    "Text": "Service charge",
                    "Value": 105
                }],
                "Notes": {
                    "Text": "Notes",
                    "Name": "Notes",
                    "Options": [
                        "For three year employment visas sponsors will not have labour contract issued by ministry of labour as though they have the direct immigration visa. In this case they can submit the salary certificate of the company. Fine payment for all the stamping procedure will be 25 aed for the first 180 days. The next 180 days will be of 50 aed  and then 100 aed each day. Fine for stamping comes only when the stamping application is not posted before the final date."
                    ]
                },
                "OriginalDocumentRequired": {
                    "Text": "Original Document Required",
                    "Name": "OriginalDocumentRequired",
                    "Options": [
                        "Sponsor's Emirates ID"
                    ]
                }
            },
            "Urgent": {
                "docs": [
                    "Sponsor’s Passport",
                    "Labour Contract",
                    "Medical Result",
                    "Last 3 month’s bank statement (Optional)",
                    "Emirates ID application",
                    "Insurance",
                    "Sponsor’s Visa",
                    "Residential Ejari ( under sponsors name, 2 bedroom and hall)",
                    "Mother’s Passport",
                    "Mother’s Photo (White background)"
                ],
                "PriceDetails": [{
                    "Text": "Gov. fees",
                    "Value": 422.90
                }, {
                    "Text": "Service charge",
                    "Value": 105
                }],
                "Notes": {
                    "Text": "Notes",
                    "Name": "Notes",
                    "Options": [
                        "For three year employment visas sponsors will not have labour contract issued by ministry of labour as though they have the direct immigration visa. In this case they can submit the salary certificate of the company. Fine payment for all the stamping procedure will be 25 aed for the first 180 days. The next 180 days will be of 50 aed  and then 100 aed each day. Fine for stamping comes only when the stamping application is not posted before the final date."
                    ]
                },
                "OriginalDocumentRequired": {
                    "Text": "Original Document Required",
                    "Name": "OriginalDocumentRequired",
                    "Options": [
                        "Sponsor's Emirates ID"
                    ]
                }
            }
        },
        "Father": {
            "title": "Renewal Process Speed",
            "options": [
                "Normal",
                "Urgent"
            ],
            "Normal": {
                "docs": [
                    "Sponsor’s Passport",
                    "Labour Contract",
                    "Medical Result",
                    "Last 3 month’s bank statement (Optional)",
                    "Emirates ID application",
                    "Insurance",
                    "Sponsor’s Visa",
                    "Residential Ejari ( under sponsors name, 2 bedroom and hall)",
                    "Father’s Passport",
                    "Father’s Photo (White background)"
                ],
                "PriceDetails": [{
                    "Text": "Gov. fees",
                    "Value": 342.90
                }, {
                    "Text": "Service charge",
                    "Value": 105
                }],
                "Notes": {
                    "Text": "Notes",
                    "Name": "Notes",
                    "Options": [
                        "For three year employment visas sponsors will not have labour contract issued by ministry of labour as though they have the direct immigration visa. In this case they can submit the salary certificate of the company Fine payment for all the stamping procedure will be 25 aed for the first 180 days. The next 180 days will be of 50 aed  and then 100 aed each day. Fine for stamping comes only when the stamping application is not posted before the final date."
                    ]
                },
                "OriginalDocumentRequired": {
                    "Text": "Original Document Required",
                    "Name": "OriginalDocumentRequired",
                    "Options": [
                        "Sponsor's Emirates ID"
                    ]
                }
            },
            "Urgent": {
                "docs": [
                    "Sponsor’s Passport",
                    "Labour Contract",
                    "Medical Result",
                    "Last 3 month’s bank statement (Optional)",
                    "Emirates ID application",
                    "Insurance",
                    "Sponsor’s Visa",
                    "Residential Ejari ( under sponsors name, 2 bedroom and hall)",
                    "Father’s Passport",
                    "Father’s Photo (White background)"
                ],
                "PriceDetails": [{
                    "Text": "Gov. fees",
                    "Value": 422.90
                }, {
                    "Text": "Service charge",
                    "Value": 105
                }],
                "Notes": {
                    "Text": "Notes",
                    "Name": "Notes",
                    "Options": [
                        "For three year employment visas sponsors will not have labour contract issued by ministry of labour as though they have the direct immigration visa. In this case they can submit the salary certificate of the company. Fine payment for all the stamping procedure will be 25 aed for the first 180 days. The next 180 days will be of 50 aed  and then 100 aed each day. Fine for stamping comes only when the stamping application is not posted before the final date."
                    ]
                },
                "OriginalDocumentRequired": {
                    "Text": "Original Document Required",
                    "Name": "OriginalDocumentRequired",
                    "Options": [
                        "Sponsor's Emirates ID"
                    ]
                }
            }
        },
        "Mother & Father": {
            "title": "Renewal Process Speed",
            "options": [
                "Normal",
                "Urgent"
            ],
            "Normal": {
                "docs": [
                    "Sponsor’s Passport",
                    "Labour Contract",
                    "Mother’s Medical Result",
                    "Father’s Medical Result",
                    "Last 3 month’s bank statement (Optional)",
                    "Mother's Emirates ID Application",
                    "Father's Emirates ID Application",
                    "Mother's Insurance",
                    "Father's Insurance",
                    "Sponsor’s Visa",
                    "Residential Ejari ( under sponsors name, 2 bedroom and hall)",
                    "Mother’s Passport",
                    "Father’s Passport",
                    "Mother’s Photo (White background)",
                    "Father’s Photo (White background)"
                ],
                "PriceDetails": [{
                    "Text": "Gov. fees",
                    "Value": 685.8
                }, {
                    "Text": "Service charge",
                    "Value": 105
                }],
                "Notes": {
                    "Text": "Notes",
                    "Name": "Notes",
                    "Options": [
                        "For three year employment visas sponsors will not have labour contract issued by ministry of labour as though they have the direct immigration visa. In this case they can submit the salary certificate of the company. Fine payment for all the stamping procedure will be 25 aed for the first 180 days. The next 180 days will be of 50 aed  and then 100 aed each day. Fine for stamping comes only when the stamping application is not posted before the final date."
                    ]
                },
                "OriginalDocumentRequired": {
                    "Text": "Original Document Required",
                    "Name": "OriginalDocumentRequired",
                    "Options": [
                        "Sponsor's Emirates ID"
                    ]
                }
            },
            "Urgent": {
                "docs": [
                    "Sponsor’s Passport",
                    "Labour Contract",
                    "Mother’s Medical Result",
                    "Father’s Medical Result",
                    "Last 3 month’s bank statement (Optional)",
                    "Mother's Emirates ID Application",
                    "Father's Emirates ID Application",
                    "Mother's Insurance",
                    "Father's Insurance",
                    "Sponsor’s Visa",
                    "Residential Ejari ( under sponsors name, 2 bedroom and hall)",
                    "Mother’s Passport",
                    "Father’s Passport",
                    "Mother’s Photo (White background)",
                    "Father’s Photo (White background)"
                ],
                "PriceDetails": [{
                    "Text": "Gov. fees",
                    "Value": 845.8
                }, {
                    "Text": "Service charge",
                    "Value": 105
                }],
                "Notes": {
                    "Text": "Notes",
                    "Name": "Notes",
                    "Options": [
                        "For three year employment visas sponsors will not have labour contract issued by ministry of labour as though they have the direct immigration visa. In this case they can submit the salary certificate of the company. Fine payment for all the stamping procedure will be 25 aed for the first 180 days. The next 180 days will be of 50 aed  and then 100 aed each day. Fine for stamping comes only when the stamping application is not posted before the final date."
                    ]
                },
                "OriginalDocumentRequired": {
                    "Text": "Original Document Required",
                    "Name": "OriginalDocumentRequired",
                    "Options": [
                        "Sponsor's Emirates ID"
                    ]
                }
            }
        }
    }
}